market,language,existing_route,intent,historical_general_seed,source,page_specific_status,limitation
Spain,es,/es.html,home,agentes de ia,docs/seo/ahrefs-observations-2026-10-03.json,Ahrefs credit-limit pending,Existing language entry only; no localized occupation route or page-specific demand established
Spain,es,/guides/es/index.html,guide hub,agentes de ia,docs/seo/ahrefs-observations-2026-10-03.json,Ahrefs credit-limit pending,Existing language entry only; no localized occupation route or page-specific demand established
Spain,es,/download/es.html,download,agentes de ia,docs/seo/ahrefs-observations-2026-10-03.json,Ahrefs credit-limit pending,Existing language entry only; no localized occupation route or page-specific demand established
Mexico,es,/es.html,home,agentes de ia,docs/seo/ahrefs-observations-2026-10-03.json,Ahrefs credit-limit pending,Existing language entry only; no localized occupation route or page-specific demand established
Mexico,es,/guides/es/index.html,guide hub,agentes de ia,docs/seo/ahrefs-observations-2026-10-03.json,Ahrefs credit-limit pending,Existing language entry only; no localized occupation route or page-specific demand established
Mexico,es,/download/es.html,download,agentes de ia,docs/seo/ahrefs-observations-2026-10-03.json,Ahrefs credit-limit pending,Existing language entry only; no localized occupation route or page-specific demand established
France,fr,/fr.html,home,agent ia,docs/seo/ahrefs-observations-2026-10-03.json,Ahrefs credit-limit pending,Existing language entry only; no localized occupation route or page-specific demand established
France,fr,/guides/fr/index.html,guide hub,agent ia,docs/seo/ahrefs-observations-2026-10-03.json,Ahrefs credit-limit pending,Existing language entry only; no localized occupation route or page-specific demand established
France,fr,/download/fr.html,download,agent ia,docs/seo/ahrefs-observations-2026-10-03.json,Ahrefs credit-limit pending,Existing language entry only; no localized occupation route or page-specific demand established
